id,is_quote_status,quote_count,reply_count,retweet_count,favorite_count,favorited,retweeted
1250575897687666694,False,0,0,0,0,False,False
1250575908295016450,False,0,0,0,0,False,False
1250575964456849408,True,0,0,0,0,False,False
1250576180253728776,False,0,0,0,0,False,False
1250576574207987714,False,0,0,0,0,False,False
1250577707777159169,False,0,0,0,0,False,False
1250577878405779456,False,0,0,0,0,False,False
1250577981359210501,False,0,0,0,0,False,False
1250578495186644998,False,0,0,0,0,False,False
1250579339281862658,False,0,0,0,0,False,False
1250579583470055425,False,0,0,0,0,False,False
1250581294574194688,False,0,0,0,0,False,False
1250581430154993665,False,0,0,0,0,False,False
1250581823115218951,False,0,0,0,0,False,False
1250581847228264450,False,0,0,0,0,False,False
1250582988166967297,False,0,0,0,0,False,False
1250583051312250881,False,0,0,0,0,False,False
1250583334171955201,False,0,0,0,0,False,False
1250583383282941955,False,0,0,0,0,False,False
1250583534575779842,False,0,0,0,0,False,False
1250584102979461122,False,0,0,0,0,False,False
1250584463978848256,False,0,0,0,0,False,False
1250584493464915970,False,0,0,0,0,False,False
1250584505708052482,False,0,0,0,0,False,False
1250585006990217216,False,0,0,0,0,False,False
1250585445832024064,False,0,0,0,0,False,False
1250585640850382848,False,0,0,0,0,False,False
1250586003800240128,False,0,0,0,0,False,False
1250586028550713344,False,0,0,0,0,False,False
1250586109035327489,False,0,0,0,0,False,False
1250586382608842755,False,0,0,0,0,False,False
1250586418948329475,False,0,0,0,0,False,False
1250586649198813184,False,0,0,0,0,False,False
1250586778546974720,False,0,0,0,0,False,False
1250587289513852930,False,0,0,0,0,False,False
1250587498302124036,False,0,0,0,0,False,False
1250587695136505863,False,0,0,0,0,False,False
1250587987685052418,False,0,0,0,0,False,False
1250588586086367232,False,0,0,0,0,False,False
1250588846514933760,False,0,0,0,0,False,False
1250588984423723008,True,0,0,0,0,False,False
1250589332362203138,False,0,0,0,0,False,False
1250589340016705537,False,0,0,0,0,False,False
1250589539690860544,False,0,0,0,0,False,False
1250590481677004801,False,0,0,0,0,False,False
1250590735252033536,False,0,0,0,0,False,False
1250591043197730823,False,0,0,0,0,False,False
1250591141206151172,False,0,0,0,0,False,False
1250591282281492484,False,0,0,0,0,False,False
1250591748897767424,False,0,0,0,0,False,False
1250591944780087296,False,0,0,0,0,False,False
1250592200544718848,False,0,0,0,0,False,False
1250592281087881216,False,0,0,0,0,False,False
1250592728959811584,True,0,0,0,0,False,False
1250593712998154248,False,0,0,0,0,False,False
1250593746934251521,False,0,0,0,0,False,False
1250593775598161927,False,0,0,0,0,False,False
1250593777531654145,False,0,0,0,0,False,False
1250594178188402689,False,0,0,0,0,False,False
1250594492874403840,False,0,0,0,0,False,False
1250594606862884864,False,0,0,0,0,False,False
1250594761091584000,False,0,0,0,0,False,False
1250594884970479617,False,0,0,0,0,False,False
1250594890234204161,False,0,0,0,0,False,False
1250595014276714496,False,0,0,0,0,False,False
1250595232972001280,False,0,0,0,0,False,False
1250595585733902339,False,0,0,0,0,False,False
1250595650263187456,False,0,0,0,0,False,False
1250595871806435329,False,0,0,0,0,False,False
1250595974403313664,False,0,0,0,0,False,False
1250596675980193793,False,0,0,0,0,False,False
1250596884458156032,False,0,0,0,0,False,False
1250596963239841792,False,0,0,0,0,False,False
1250597129481007104,False,0,0,0,0,False,False
1250597993679642625,False,0,0,0,0,False,False
1250598499252568065,True,0,0,0,0,False,False
1250598785832509445,False,0,0,0,0,False,False
1250599144827338754,False,0,0,0,0,False,False
1250599320367267840,False,0,0,0,0,False,False
1250599643022536707,False,0,0,0,0,False,False
1250599946996285441,False,0,0,0,0,False,False
1250599957276643328,False,0,0,0,0,False,False
1250600627174092800,False,0,0,0,0,False,False
1250601261457707009,False,0,0,0,0,False,False
1250601348644499456,False,0,0,0,0,False,False
1250601881728176128,False,0,0,0,0,False,False
1250602587059040257,False,0,0,0,0,False,False
1250602836859195392,False,0,0,0,0,False,False
1250603555452522498,False,0,0,0,0,False,False
1250603569377509378,False,0,0,0,0,False,False
1250603953525534720,False,0,0,0,0,False,False
1250604110082183168,False,0,0,0,0,False,False
1250604309949100033,False,0,0,0,0,False,False
1250604335714762757,False,0,0,0,0,False,False
1250604383584346113,False,0,0,0,0,False,False
1250604807582343175,False,0,0,0,0,False,False
1250606178884898816,False,0,0,0,0,False,False
1250606378827333638,False,0,0,0,0,False,False
1250606447727194122,False,0,0,0,0,False,False
1250606818671427587,False,0,0,0,0,False,False
1250607052285755392,False,0,0,0,0,False,False
1250607230350774274,False,0,0,0,0,False,False
1250607397003034626,False,0,0,0,0,False,False
1250607427051028480,False,0,0,0,0,False,False
1250607436651802625,False,0,0,0,0,False,False
1250607585616637952,False,0,0,0,0,False,False
1250607773106221057,False,0,0,0,0,False,False
1250608016237277185,False,0,0,0,0,False,False
1250608034436521984,False,0,0,0,0,False,False
1250608433209864192,False,0,0,0,0,False,False
1250608645085310976,False,0,0,0,0,False,False
1250608833426124801,False,0,0,0,0,False,False
1250609053958656000,False,0,0,0,0,False,False
1250609196724359169,False,0,0,0,0,False,False
1250609238646407173,False,0,0,0,0,False,False
1250609317746814979,False,0,0,0,0,False,False
1250610237121409025,False,0,0,0,0,False,False
1250610761631744001,True,0,0,0,0,False,False
1250612007881015297,False,0,0,0,0,False,False
1250613750073360387,False,0,0,0,0,False,False
1250614198129889280,False,0,0,0,0,False,False
1250614721004396544,False,0,0,0,0,False,False
1250616213698478080,False,0,0,0,0,False,False
1250616296380739584,False,0,0,0,0,False,False
1250617526381395968,False,0,0,0,0,False,False
1250619105448562688,False,0,0,0,0,False,False
1250619253138632704,False,0,0,0,0,False,False
1250621770840842240,False,0,0,0,0,False,False
1250623747754778624,True,0,0,0,0,False,False
1250623779463725057,False,0,0,0,0,False,False
1250625142444695554,False,0,0,0,0,False,False
1250625298648969217,False,0,0,0,0,False,False
1250625731111108613,False,0,0,0,0,False,False
1250626608827904003,False,0,0,0,0,False,False
1250626714482466817,False,0,0,0,0,False,False
1250626732966719488,False,0,0,0,0,False,False
1250627103470555137,False,0,0,0,0,False,False
1250627903697620993,False,0,0,0,0,False,False
1250628027035250688,False,0,0,0,0,False,False
1250628113601646592,False,0,0,0,0,False,False
1250628144790454274,False,0,0,0,0,False,False
1250628145742479360,False,0,0,0,0,False,False
1250628150633148419,False,0,0,0,0,False,False
1250628385673490432,False,0,0,0,0,False,False
1250628676414083072,False,0,0,0,0,False,False
1250629056590200832,False,0,0,0,0,False,False
1250629112340889601,False,0,0,0,0,False,False
1250629402117001216,False,0,0,0,0,False,False
1250630404731789312,False,0,0,0,0,False,False
1250630519911518210,False,0,0,0,0,False,False
1250630791383654401,False,0,0,0,0,False,False
1250630868311425024,False,0,0,0,0,False,False
1250631364732428288,False,0,0,0,0,False,False
1250631434445811713,False,0,0,0,0,False,False
1250631611621814273,False,0,0,0,0,False,False
1250631725568458752,False,0,0,0,0,False,False
1250631773353984000,False,0,0,0,0,False,False
1250633412353892352,False,0,0,0,0,False,False
1250634524909862913,False,0,0,0,0,False,False
1250634642606129159,False,0,0,0,0,False,False
1250636306977304576,False,0,0,0,0,False,False
1250636427693522946,False,0,0,0,0,False,False
1250636744669757441,False,0,0,0,0,False,False
1250637478068969472,False,0,0,0,0,False,False
1250638099786412032,False,0,0,0,0,False,False
1250638107931803648,False,0,0,0,0,False,False
1250638354812633090,False,0,0,0,0,False,False
1250639402990264324,False,0,0,0,0,False,False
1250639405955629062,False,0,0,0,0,False,False
1250640022153330692,False,0,0,0,0,False,False
1250640296594993154,False,0,0,0,0,False,False
1250640603542548480,False,0,0,0,0,False,False
1250640731053719557,False,0,0,0,0,False,False
1250640767552565253,False,0,0,0,0,False,False
1250640802864336896,False,0,0,0,0,False,False
1250641555850956802,False,0,0,0,0,False,False
1250641711732326400,False,0,0,0,0,False,False
1250642594905939968,False,0,0,0,0,False,False
1250644728095346688,True,0,0,0,0,False,False
1250645348835614725,False,0,0,0,0,False,False
1250646257422516224,False,0,0,0,0,False,False
1250646550596014080,True,0,0,0,0,False,False
1250647439650029570,True,0,0,0,0,False,False
1250647889271050241,False,0,0,0,0,False,False
1250648615053393922,False,0,0,0,0,False,False
1250648881349738496,False,0,0,0,0,False,False
1250649342207115271,False,0,0,0,0,False,False
1250649771766882309,False,0,0,0,0,False,False
1250650250773237760,False,0,0,0,0,False,False
1250650469908742150,False,0,0,0,0,False,False
1250651390399127552,False,0,0,0,0,False,False
1250651450536890369,False,0,0,0,0,False,False
1250651569491709952,False,0,0,0,0,False,False
1250652205356658688,False,0,0,0,0,False,False
1250652645003583488,False,0,0,0,0,False,False
1250652870485123072,False,0,0,0,0,False,False
1250653629595504641,False,0,0,0,0,False,False
1250653766522507265,False,0,0,0,0,False,False
1250654342077546496,False,0,0,0,0,False,False
1250654671338905600,False,0,0,0,0,False,False
1250655431694974981,False,0,0,0,0,False,False
1250657539647307778,False,0,0,0,0,False,False
1250657731306033164,False,0,0,0,0,False,False
1250658042611458049,False,0,0,0,0,False,False
1250658449790287872,False,0,0,0,0,False,False
1250659769435795456,False,0,0,0,0,False,False
1250660162647609344,False,0,0,0,0,False,False
1250660666282835968,False,0,0,0,0,False,False
1250660732108189696,False,0,0,0,0,False,False
1250660847065628672,False,0,0,0,0,False,False
1250660965995208704,False,0,0,0,0,False,False
1250661445001515008,False,0,0,0,0,False,False
1250662142904348672,False,0,0,0,0,False,False
1250662607071182848,False,0,0,0,0,False,False
1250662717880492032,False,0,0,0,0,False,False
1250663212523106304,False,0,0,0,0,False,False
1250663525183340546,False,0,0,0,0,False,False
1250663656876052481,False,0,0,0,0,False,False
1250663828163084289,False,0,0,0,0,False,False
1250664234876391434,False,0,0,0,0,False,False
1250664391646871552,False,0,0,0,0,False,False
1250666758580637697,False,0,0,0,0,False,False
1250666786837716994,False,0,0,0,0,False,False
1250667027397660672,False,0,0,0,0,False,False
1250669981349539840,False,0,0,0,0,False,False
1250670044905906176,False,0,0,0,0,False,False
1250670588122857473,True,0,0,0,0,False,False
1250671073726795776,False,0,0,0,0,False,False
1250671161840713730,False,0,0,0,0,False,False
1250671650158379008,False,0,0,0,0,False,False
1250671655531065344,False,0,0,0,0,False,False
1250672431095840770,False,0,0,0,0,False,False
1250675264302039041,False,0,0,0,0,False,False
1250677559081218049,False,0,0,0,0,False,False
1250677828699521024,False,0,0,0,0,False,False
1250677859682836481,False,0,0,0,0,False,False
1250678020572135426,False,0,0,0,0,False,False
1250678531178270723,False,0,0,0,0,False,False
1250678670244622340,False,0,0,0,0,False,False
1250680306031525888,False,0,0,0,0,False,False
1250680616754044928,False,0,0,0,0,False,False
1250680942995398656,False,0,0,0,0,False,False
1250683487964798978,False,0,0,0,0,False,False
1250684613690904576,False,0,0,0,0,False,False
1250685113341542400,False,0,0,0,0,False,False
1250685394766700544,False,0,0,0,0,False,False
1250686289067692032,False,0,0,0,0,False,False
1250687811382059010,True,0,0,0,0,False,False
1250688006840897536,False,0,0,0,0,False,False
1250688423368830976,False,0,0,0,0,False,False
1250689272153141252,False,0,0,0,0,False,False
1250689501766303746,False,0,0,0,0,False,False
1250689735103823872,False,0,0,0,0,False,False
1250691333410426881,False,0,0,0,0,False,False
1250691824915828736,False,0,0,0,0,False,False
1250691856339472385,False,0,0,0,0,False,False
1250693144301240320,False,0,0,0,0,False,False
1250696675955441664,False,0,0,0,0,False,False
1250696838098944000,False,0,0,0,0,False,False
1250697413234356224,False,0,0,0,0,False,False
1250699145918152704,False,0,0,0,0,False,False
1250700910398976001,False,0,0,0,0,False,False
1250700933878747136,False,0,0,0,0,False,False
1250702225283911681,False,0,0,0,0,False,False
1250703624872869888,False,0,0,0,0,False,False
1250704413506916352,False,0,0,0,0,False,False
1250704462827737088,False,0,0,0,0,False,False
1250705412250382336,False,0,0,0,0,False,False
1250705639690719232,False,0,0,0,0,False,False
1250708884848807938,False,0,0,0,0,False,False
1250709340333518848,False,0,0,0,0,False,False
1250709843310149632,False,0,0,0,0,False,False
1250709944673996800,False,0,0,0,0,False,False
1250710048759840768,False,0,0,0,0,False,False
1250711476710539271,False,0,0,0,0,False,False
1250711994220642307,False,0,0,0,0,False,False
1250713050652565504,False,0,0,0,0,False,False
1250714624493838336,False,0,0,0,0,False,False
1250714771932024832,False,0,0,0,0,False,False
1250716828906725381,False,0,0,0,0,False,False
1250717082737672196,False,0,0,0,0,False,False
1250718916063756288,False,0,0,0,0,False,False
1250719235522822144,False,0,0,0,0,False,False
1250719700897718272,False,0,0,0,0,False,False
1250720690057154561,False,0,0,0,0,False,False
1250720795493531653,False,0,0,0,0,False,False
1250720837637988353,False,0,0,0,0,False,False
1250722215454289920,False,0,0,0,0,False,False
1250722773867118592,False,0,0,0,0,False,False
1250723207839191040,False,0,0,0,0,False,False
1250726155331817473,False,0,0,0,0,False,False
1250726188160634880,False,0,0,0,0,False,False
1250726391513038848,False,0,0,0,0,False,False
1250726760733442054,False,0,0,0,0,False,False
1250726845932339200,False,0,0,0,0,False,False
1250727112463585281,False,0,0,0,0,False,False
1250730086363475969,True,0,0,0,0,False,False
1250730441688170496,False,0,0,0,0,False,False
1250731013782855680,False,0,0,0,0,False,False
1250731852048019458,False,0,0,0,0,False,False
1250732025394466817,False,0,0,0,0,False,False
1250732031207759872,False,0,0,0,0,False,False
1250732678384680960,False,0,0,0,0,False,False
1250732888531836929,False,0,0,0,0,False,False
1250734122479300614,False,0,0,0,0,False,False
1250734268814426112,False,0,0,0,0,False,False
1250734928544829441,False,0,0,0,0,False,False
1250735383941349378,False,0,0,0,0,False,False
1250735965884289026,False,0,0,0,0,False,False
1250738182225891330,False,0,0,0,0,False,False
1250738202589237248,False,0,0,0,0,False,False
1250739591381909504,False,0,0,0,0,False,False
1250739731513606145,False,0,0,0,0,False,False
1250739746948644864,False,0,0,0,0,False,False
1250739868096921600,False,0,0,0,0,False,False
1250740176424402944,False,0,0,0,0,False,False
1250741561580826624,False,0,0,0,0,False,False
1250741700332568579,False,0,0,0,0,False,False
1250741760055279618,False,0,0,0,0,False,False
1250742191040991233,False,0,0,0,0,False,False
1250742959684927489,False,0,0,0,0,False,False
1250743072993865728,False,0,0,0,0,False,False
1250743300438589440,False,0,0,0,0,False,False
1250743403337351170,False,0,0,0,0,False,False
1250743643318648832,False,0,0,0,0,False,False
1250744003525574657,False,0,0,0,0,False,False
1250745624045256706,False,0,0,0,0,False,False
1250746446829228036,False,0,0,0,0,False,False
1250746821766524928,True,0,0,0,0,False,False
1250746862770032641,False,0,0,0,0,False,False
1250747039237001217,False,0,0,0,0,False,False
1250747657691201537,False,0,0,0,0,False,False
1250747784195649536,False,0,0,0,0,False,False
1250748182721630212,False,0,0,0,0,False,False
1250748523282300928,False,0,0,0,0,False,False
1250748762236104705,False,0,0,0,0,False,False
1250748900018925569,False,0,0,0,0,False,False
1250749495366897664,False,0,0,0,0,False,False
1250750125024174080,False,0,0,0,0,False,False
1250750524263206912,False,0,0,0,0,False,False
1250750533960372224,False,0,0,0,0,False,False
1250750549319958528,False,0,0,0,0,False,False
1250750669461630977,False,0,0,0,0,False,False
1250750830745210883,False,0,0,0,0,False,False
1250751383717982209,False,0,0,0,0,False,False
1250751723079114754,False,0,0,0,0,False,False
1250751976964579328,False,0,0,0,0,False,False
1250753055051657216,False,0,0,0,0,False,False
1250753669819179014,False,0,0,0,0,False,False
1250753805307842560,False,0,0,0,0,False,False
1250754226919223296,False,0,0,0,0,False,False
1250754565596733441,False,0,0,0,0,False,False
1250754890537684992,False,0,0,0,0,False,False
1250754941171490816,False,0,0,0,0,False,False
1250756781799886850,False,0,0,0,0,False,False
1250757901620305926,False,0,0,0,0,False,False
1250758067295268866,False,0,0,0,0,False,False
1250758194584043520,False,0,0,0,0,False,False
1250758196635058177,False,0,0,0,0,False,False
1250758952695914497,False,0,0,0,0,False,False
1250759312126824448,False,0,0,0,0,False,False
1250759324026142720,False,0,0,0,0,False,False
1250759339889045506,False,0,0,0,0,False,False
1250759447565103105,False,0,0,0,0,False,False
1250759464413585408,False,0,0,0,0,False,False
1250759471510564864,False,0,0,0,0,False,False
1250759485171339265,False,0,0,0,0,False,False
1250759886276898817,False,0,0,0,0,False,False
1250760607319691264,False,0,0,0,0,False,False
1250760756284387329,False,0,0,0,0,False,False
1250760796226887681,True,0,0,0,0,False,False
1250761112657821696,False,0,0,0,0,False,False
1250761480884097024,False,0,0,0,0,False,False
1250761553655271424,False,0,0,0,0,False,False
1250761658357686272,True,0,0,0,0,False,False
1250761851178270720,True,0,0,0,0,False,False
1250762400854429697,False,0,0,0,0,False,False
1250763045200113667,False,0,0,0,0,False,False
1250764602675249152,False,0,0,0,0,False,False
1250764719000039429,False,0,0,0,0,False,False
1250764881873309696,False,0,0,0,0,False,False
1250765122324369409,False,0,0,0,0,False,False
1250765237453758470,False,0,0,0,0,False,False
1250766331177287686,False,0,0,0,0,False,False
1250766565638909952,False,0,0,0,0,False,False
1250766948356501505,False,0,0,0,0,False,False
1250768412671868929,True,0,0,0,0,False,False
1250768961773412352,False,0,0,0,0,False,False
1250769118309036032,False,0,0,0,0,False,False
1250769277881323520,False,0,0,0,0,False,False
1250769675002183681,False,0,0,0,0,False,False
1250769706946039808,False,0,0,0,0,False,False
1250769860587470849,False,0,0,0,0,False,False
1250770282123493378,False,0,0,0,0,False,False
1250770285869117442,False,0,0,0,0,False,False
1250770450503946240,False,0,0,0,0,False,False
1250770718389940233,False,0,0,0,0,False,False
1250772084508295168,False,0,0,0,0,False,False
1250772168713154561,False,0,0,0,0,False,False
1250772524876599297,False,0,0,0,0,False,False
1250772600663523334,False,0,0,0,0,False,False
1250773235609645062,False,0,0,0,0,False,False
1250773822447538176,False,0,0,0,0,False,False
1250773906782330880,False,0,0,0,0,False,False
1250773945483231232,False,0,0,0,0,False,False
1250774021076996104,False,0,0,0,0,False,False
1250774022868086784,False,0,0,0,0,False,False
1250774130200199169,False,0,0,0,0,False,False
1250775021653569537,True,0,0,0,0,False,False
1250775698786172931,False,0,0,0,0,False,False
1250775756390760448,True,0,0,0,0,False,False
1250776356658589697,False,0,0,0,0,False,False
1250776393643896832,False,0,0,0,0,False,False
1250776395862568973,False,0,0,0,0,False,False
1250776770883850244,False,0,0,0,0,False,False
1250776810159104002,False,0,0,0,0,False,False
1250776873816281088,False,0,0,0,0,False,False
1250777228310278146,False,0,0,0,0,False,False
1250777294580432896,False,0,0,0,0,False,False
1250777498322796551,False,0,0,0,0,False,False
1250777590320807936,False,0,0,0,0,False,False
1250777625175482368,False,0,0,0,0,False,False
1250777812308459525,False,0,0,0,0,False,False
1250778134628139008,False,0,0,0,0,False,False
1250778189019803649,False,0,0,0,0,False,False
1250778594684612610,False,0,0,0,0,False,False
1250778628775952384,False,0,0,0,0,False,False
1250778749408358400,False,0,0,0,0,False,False
1250779067407904768,False,0,0,0,0,False,False
1250780057540481025,False,0,0,0,0,False,False
1250780250910396417,False,0,0,0,0,False,False
1250780593912254466,False,0,0,0,0,False,False
1250780759809568769,False,0,0,0,0,False,False
1250781161447661568,True,0,0,0,0,False,False
1250781587215732738,False,0,0,0,0,False,False
1250782400986132480,False,0,0,0,0,False,False
1250782617336676354,False,0,0,0,0,False,False
1250782803815473152,False,0,0,0,0,False,False
1250782827127373827,False,0,0,0,0,False,False
1250782830579286017,False,0,0,0,0,False,False
1250782863605317632,False,0,0,0,0,False,False
1250782932832260097,False,0,0,0,0,False,False
1250782955372515329,False,0,0,0,0,False,False
1250782975287070722,False,0,0,0,0,False,False
1250783366514909184,False,0,0,0,0,False,False
1250783937233903616,False,0,0,0,0,False,False
1250784029793796097,False,0,0,0,0,False,False
1250784090917306369,False,0,0,0,0,False,False
1250784202401947648,False,0,0,0,0,False,False
1250784494069612544,False,0,0,0,0,False,False
1250784609585037315,False,0,0,0,0,False,False
1250784710235742208,False,0,0,0,0,False,False
1250784909137977345,False,0,0,0,0,False,False
1250784980168396800,False,0,0,0,0,False,False
1250784986581602304,False,0,0,0,0,False,False
1250784986644520960,False,0,0,0,0,False,False
1250785048447647747,False,0,0,0,0,False,False
1250785123806728197,False,0,0,0,0,False,False
1250785469513846786,False,0,0,0,0,False,False
1250785522844413952,False,0,0,0,0,False,False
1250785605212127233,False,0,0,0,0,False,False
1250785701119041536,False,0,0,0,0,False,False
1250787130265272320,False,0,0,0,0,False,False
1250787217074724867,False,0,0,0,0,False,False
1250787740922281986,False,0,0,0,0,False,False
1250787899035070464,False,0,0,0,0,False,False
1250788775619371013,False,0,0,0,0,False,False
1250789102779346950,False,0,0,0,0,False,False
1250789318806736897,False,0,0,0,0,False,False
1250789369482543104,False,0,0,0,0,False,False
1250789855552036864,False,0,0,0,0,False,False
1250789990168244224,False,0,0,0,0,False,False
1250790029238194177,True,0,0,0,0,False,False
1250790115611377664,True,0,0,0,0,False,False
1250790304644464642,False,0,0,0,0,False,False
1250790713509294080,False,0,0,0,0,False,False
1250790876772786176,False,0,0,0,0,False,False
1250790880031543296,False,0,0,0,0,False,False
1250792715807309825,False,0,0,0,0,False,False
1250792733725339649,False,0,0,0,0,False,False
1250792858417840131,False,0,0,0,0,False,False
1250793294487060481,False,0,0,0,0,False,False
1250794690787639298,False,0,0,0,0,False,False
1250794897453592582,False,0,0,0,0,False,False
1250794982585192451,False,0,0,0,0,False,False
1250795203671228417,False,0,0,0,0,False,False
1250795343366807553,False,0,0,0,0,False,False
1250795550808641536,False,0,0,0,0,False,False
1250795809068761088,False,0,0,0,0,False,False
1250795891104989184,False,0,0,0,0,False,False
1250796245695770624,False,0,0,0,0,False,False
1250796340394762240,False,0,0,0,0,False,False
1250796683291754496,False,0,0,0,0,False,False
1250796746348920833,False,0,0,0,0,False,False
1250797741996945409,False,0,0,0,0,False,False
1250797836892909574,False,0,0,0,0,False,False
1250798116216897538,False,0,0,0,0,False,False
1250798147925917696,False,0,0,0,0,False,False
1250798167752310786,False,0,0,0,0,False,False
1250798723086639106,False,0,0,0,0,False,False
1250798917500968960,False,0,0,0,0,False,False
1250798938480754696,False,0,0,0,0,False,False
1250799048946302977,False,0,0,0,0,False,False
1250799207478329344,False,0,0,0,0,False,False
1250799618352447488,False,0,0,0,0,False,False
1250799838087778305,False,0,0,0,0,False,False
1250799912607940615,False,0,0,0,0,False,False
1250800600150835205,False,0,0,0,0,False,False
1250800951100952579,False,0,0,0,0,False,False
1250802345505587201,False,0,0,0,0,False,False
1250804865002901504,False,0,0,0,0,False,False
1250804878085152768,False,0,0,0,0,False,False
1250805152195448833,False,0,0,0,0,False,False
1250805303949615106,False,0,0,0,0,False,False
1250805571772702720,False,0,0,0,0,False,False
1250805838320721920,False,0,0,0,0,False,False
1250805905739976705,False,0,0,0,0,False,False
1250805948471488512,False,0,0,0,0,False,False
1250806147667447810,False,0,0,0,0,False,False
1250807344109363201,True,0,0,0,0,False,False
1250807353643020294,True,0,0,0,0,False,False
1250807553392619521,False,0,0,0,0,False,False
1250808167463821312,False,0,0,0,0,False,False
1250808376356986882,False,0,0,0,0,False,False
1250809958255468546,False,0,0,0,0,False,False
1250810005294657536,False,0,0,0,0,False,False
1250810441707786241,False,0,0,0,0,False,False
1250810461458706433,False,0,0,0,0,False,False
1250810612336164864,False,0,0,0,0,False,False
1250810971918082051,False,0,0,0,0,False,False
1250811043628093442,False,0,0,0,0,False,False
1250811073890050051,False,0,0,0,0,False,False
1250811192672759809,False,0,0,0,0,False,False
1250812157803061248,False,0,0,0,0,False,False
1250814900865134592,False,0,0,0,0,False,False
1250815007002107904,False,0,0,0,0,False,False
1250815009510305794,False,0,0,0,0,False,False
1250815124966985728,False,0,0,0,0,False,False
1250815315568742411,False,0,0,0,0,False,False
1250815545240403968,False,0,0,0,0,False,False
1250815844306825216,False,0,0,0,0,False,False
1250815844403339264,False,0,0,0,0,False,False
1250816074855190536,False,0,0,0,0,False,False
1250817379413528576,False,0,0,0,0,False,False
1250817467603173376,False,0,0,0,0,False,False
1250817579234574336,False,0,0,0,0,False,False
1250817676425015300,False,0,0,0,0,False,False
1250818325359276034,False,0,0,0,0,False,False
1250820103417053187,False,0,0,0,0,False,False
1250820250913984512,False,0,0,0,0,False,False
1250820524189470730,False,0,0,0,0,False,False
1250820537208778753,False,0,0,0,0,False,False
1250820664690388993,False,0,0,0,0,False,False
1250820682734338048,False,0,0,0,0,False,False
1250820719207944192,False,0,0,0,0,False,False
1250820822975070218,False,0,0,0,0,False,False
1250820838410129413,False,0,0,0,0,False,False
1250820881984692225,False,0,0,0,0,False,False
1250821089002958850,False,0,0,0,0,False,False
1250821228899774465,False,0,0,0,0,False,False
1250821242782875653,False,0,0,0,0,False,False
1250821659898101761,False,0,0,0,0,False,False
1250821734321786881,False,0,0,0,0,False,False
1250822230046650368,False,0,0,0,0,False,False
1250822275475136516,False,0,0,0,0,False,False
1250822520091049985,False,0,0,0,0,False,False
1250822574466007042,False,0,0,0,0,False,False
1250822696620998657,False,0,0,0,0,False,False
1250822700051898369,False,0,0,0,0,False,False
1250823081603538948,False,0,0,0,0,False,False
1250823134758002689,False,0,0,0,0,False,False
1250823408302071808,False,0,0,0,0,False,False
1250823445870514184,False,0,0,0,0,False,False
1250825186338680837,False,0,0,0,0,False,False
1250825780717858819,False,0,0,0,0,False,False
1250825940038541312,False,0,0,0,0,False,False
1250826168879722499,False,0,0,0,0,False,False
1250826454885171204,False,0,0,0,0,False,False
1250826870666547201,False,0,0,0,0,False,False
1250827206890315778,False,0,0,0,0,False,False
1250827255489507328,False,0,0,0,0,False,False
1250827309000601601,False,0,0,0,0,False,False
1250827633266495488,False,0,0,0,0,False,False
1250827768461434881,True,0,0,0,0,False,False
1250828233148424199,False,0,0,0,0,False,False
1250828550069837824,False,0,0,0,0,False,False
1250828599923552256,False,0,0,0,0,False,False
1250828614024781824,False,0,0,0,0,False,False
1250828710850310145,False,0,0,0,0,False,False
1250828785701867520,False,0,0,0,0,False,False
1250828974936162304,False,0,0,0,0,False,False
1250829063540871175,False,0,0,0,0,False,False
1250829110584184837,False,0,0,0,0,False,False
1250829257145823233,False,0,0,0,0,False,False
1250829261876932610,False,0,0,0,0,False,False
1250829310002450432,False,0,0,0,0,False,False
1250829439971319808,False,0,0,0,0,False,False
1250829850279059458,False,0,0,0,0,False,False
1250829878204731393,False,0,0,0,0,False,False
1250829902619820032,False,0,0,0,0,False,False
1250830046677303296,False,0,0,0,0,False,False
1250830122678202371,False,0,0,0,0,False,False
1250830326894600192,False,0,0,0,0,False,False
1250830408914173953,False,0,0,0,0,False,False
1250830432033275915,False,0,0,0,0,False,False
1250830589378297856,False,0,0,0,0,False,False
1250830642302115840,False,0,0,0,0,False,False
1250830683649511425,False,0,0,0,0,False,False
1250830712254717955,False,0,0,0,0,False,False
1250830790692347904,False,0,0,0,0,False,False
1250831047702597635,False,0,0,0,0,False,False
1250832797243146240,False,0,0,0,0,False,False
1250832810526507008,False,0,0,0,0,False,False
1250833153205383171,False,0,0,0,0,False,False
1250833223413911555,False,0,0,0,0,False,False
1250833690541854723,False,0,0,0,0,False,False
1250833866207698944,False,0,0,0,0,False,False
1250833881051418625,False,0,0,0,0,False,False
1250834076354973699,False,0,0,0,0,False,False
1250834140162936833,False,0,0,0,0,False,False
1250834267703324676,False,0,0,0,0,False,False
1250834309805735936,False,0,0,0,0,False,False
1250834320429928448,False,0,0,0,0,False,False
1250834611090927617,False,0,0,0,0,False,False
1250834676568084480,False,0,0,0,0,False,False
1250834765235867648,False,0,0,0,0,False,False
1250834777156079617,False,0,0,0,0,False,False
1250835140856745988,False,0,0,0,0,False,False
1250835180371271683,False,0,0,0,0,False,False
1250835347371708418,False,0,0,0,0,False,False
1250835662812721154,True,0,0,0,0,False,False
1250835967524646913,False,0,0,0,0,False,False
1250836007777378308,False,0,0,0,0,False,False
1250837814280945664,False,0,0,0,0,False,False
1250837848577601536,False,0,0,0,0,False,False
1250838547017367553,False,0,0,0,0,False,False
1250840208251240448,False,0,0,0,0,False,False
1250840241663066113,False,0,0,0,0,False,False
1250840391349346304,False,0,0,0,0,False,False
1250840509725192194,False,0,0,0,0,False,False
1250840773534404610,False,0,0,0,0,False,False
1250841149423697920,False,0,0,0,0,False,False
1250842645867487232,False,0,0,0,0,False,False
1250842726041608196,False,0,0,0,0,False,False
1250842914575601667,False,0,0,0,0,False,False
1250842957680271360,False,0,0,0,0,False,False
1250843007676485635,False,0,0,0,0,False,False
1250843674725974017,False,0,0,0,0,False,False
1250843774151987200,False,0,0,0,0,False,False
1250843805231861762,False,0,0,0,0,False,False
1250843823535685633,False,0,0,0,0,False,False
1250843979597348864,False,0,0,0,0,False,False
1250844138859307008,False,0,0,0,0,False,False
1250844293486579712,False,0,0,0,0,False,False
1250844498994892800,False,0,0,0,0,False,False
1250844563289321473,False,0,0,0,0,False,False
1250844740054069248,False,0,0,0,0,False,False
1250845032136884224,False,0,0,0,0,False,False
1250845048910077954,False,0,0,0,0,False,False
1250845138580131841,False,0,0,0,0,False,False
1250845415848783873,False,0,0,0,0,False,False
1250845572736655362,False,0,0,0,0,False,False
1250845703070461952,False,0,0,0,0,False,False
1250845737052704768,False,0,0,0,0,False,False
1250847986231508997,False,0,0,0,0,False,False
1250848015327334402,False,0,0,0,0,False,False
1250848288712032257,False,0,0,0,0,False,False
1250848473110532103,False,0,0,0,0,False,False
1250848862794911745,False,0,0,0,0,False,False
1250849127644233729,False,0,0,0,0,False,False
1250849256770015232,False,0,0,0,0,False,False
1250849347501244416,False,0,0,0,0,False,False
1250849574169858050,False,0,0,0,0,False,False
1250849793389334541,False,0,0,0,0,False,False
1250849888306450433,False,0,0,0,0,False,False
1250850015381204992,False,0,0,0,0,False,False
1250850122193403905,False,0,0,0,0,False,False
1250850263772139523,False,0,0,0,0,False,False
1250850393023819777,False,0,0,0,0,False,False
1250851008948899841,False,0,0,0,0,False,False
1250851190998351872,False,0,0,0,0,False,False
1250851191682187265,False,0,0,0,0,False,False
1250851230739509248,False,0,0,0,0,False,False
1250851267527741440,False,0,0,0,0,False,False
1250851320027852802,False,0,0,0,0,False,False
1250852944146313218,False,0,0,0,0,False,False
1250853151139344384,False,0,0,0,0,False,False
1250853198128205829,False,0,0,0,0,False,False
1250853464734924807,False,0,0,0,0,False,False
1250853665876971521,False,0,0,0,0,False,False
1250855453690597378,False,0,0,0,0,False,False
1250855881417383936,False,0,0,0,0,False,False
1250855991089995777,False,0,0,0,0,False,False
1250856045708181504,False,0,0,0,0,False,False
1250856626120200193,False,0,0,0,0,False,False
1250856846291808260,False,0,0,0,0,False,False
1250856857805209600,True,0,0,0,0,False,False
1250856992752709643,False,0,0,0,0,False,False
1250857056036413440,False,0,0,0,0,False,False
1250857590986342400,False,0,0,0,0,False,False
1250857631746572289,False,0,0,0,0,False,False
1250857759563751431,False,0,0,0,0,False,False
1250858004544700416,False,0,0,0,0,False,False
1250858214490607621,False,0,0,0,0,False,False
1250858282102767618,False,0,0,0,0,False,False
1250858380706697219,False,0,0,0,0,False,False
1250858650383667200,False,0,0,0,0,False,False
1250858927048151041,False,0,0,0,0,False,False
1250858927362883592,False,0,0,0,0,False,False
1250859111866159104,False,0,0,0,0,False,False
1250859586837532675,False,0,0,0,0,False,False
1250859992703475712,False,0,0,0,0,False,False
1250860522922217477,False,0,0,0,0,False,False
1250860895963541504,False,0,0,0,0,False,False
1250860911604056067,False,0,0,0,0,False,False
1250861299598266369,False,0,0,0,0,False,False
1250863196841312261,False,0,0,0,0,False,False
1250863263438516224,False,0,0,0,0,False,False
1250863444867284992,False,0,0,0,0,False,False
1250863476916064262,False,0,0,0,0,False,False
1250864231475482627,False,0,0,0,0,False,False
1250864264723791877,False,0,0,0,0,False,False
1250864363004723202,False,0,0,0,0,False,False
1250864613790490631,False,0,0,0,0,False,False
1250864759878148097,False,0,0,0,0,False,False
1250864940971446274,False,0,0,0,0,False,False
1250865853924544518,False,0,0,0,0,False,False
1250865863579795456,False,0,0,0,0,False,False
1250865883154530305,False,0,0,0,0,False,False
1250865894240194560,False,0,0,0,0,False,False
1250865943191969793,False,0,0,0,0,False,False
1250866127321927680,False,0,0,0,0,False,False
1250866667673927680,False,0,0,0,0,False,False
1250866670031253505,False,0,0,0,0,False,False
1250867105790136322,False,0,0,0,0,False,False
1250867317791166466,False,0,0,0,0,False,False
1250867318554529794,False,0,0,0,0,False,False
1250867382425473029,False,0,0,0,0,False,False
1250867635509530624,False,0,0,0,0,False,False
1250868111840030720,False,0,0,0,0,False,False
1250868252349280262,False,0,0,0,0,False,False
1250868332280119303,False,0,0,0,0,False,False
1250868531769507841,False,0,0,0,0,False,False
1250868716516052992,False,0,0,0,0,False,False
1250870720176979971,False,0,0,0,0,False,False
1250870740607475713,False,0,0,0,0,False,False
1250870985391308801,False,0,0,0,0,False,False
1250871068350451712,False,0,0,0,0,False,False
1250871109639114754,False,0,0,0,0,False,False
1250873636212310023,False,0,0,0,0,False,False
1250874184311418882,False,0,0,0,0,False,False
1250874930847252482,False,0,0,0,0,False,False
1250874957229416449,False,0,0,0,0,False,False
1250875319499788289,False,0,0,0,0,False,False
1250875402580525058,False,0,0,0,0,False,False
1250875422855835650,False,0,0,0,0,False,False
1250875980807311361,False,0,0,0,0,False,False
1250875994099064834,False,0,0,0,0,False,False
1250878274919698434,False,0,0,0,0,False,False
1250878367680942080,False,0,0,0,0,False,False
1250878376522506250,False,0,0,0,0,False,False
1250878412031438859,False,0,0,0,0,False,False
1250878517832822784,False,0,0,0,0,False,False
1250878562095247370,False,0,0,0,0,False,False
1250878571318558721,False,0,0,0,0,False,False
1250878691418177537,False,0,0,0,0,False,False
1250878746753720322,False,0,0,0,0,False,False
1250879411928391681,True,0,0,0,0,False,False
1250879483399352320,False,0,0,0,0,False,False
1250879581306961927,False,0,0,0,0,False,False
1250881145472004097,True,0,0,0,0,False,False
1250881972987142144,False,0,0,0,0,False,False
1250882223982751761,False,0,0,0,0,False,False
1250883089498353665,False,0,0,0,0,False,False
1250883276459433987,True,0,0,0,0,False,False
1250883447163412487,False,0,0,0,0,False,False
1250883573193859086,False,0,0,0,0,False,False
1250883983707189248,False,0,0,0,0,False,False
1250884019530719245,False,0,0,0,0,False,False
1250886218595827715,False,0,0,0,0,False,False
1250886285796864000,False,0,0,0,0,False,False
1250887030071914496,False,0,0,0,0,False,False
1250887459480666115,False,0,0,0,0,False,False
1250887562031489026,False,0,0,0,0,False,False
1250887875622821889,False,0,0,0,0,False,False
1250887960372940800,False,0,0,0,0,False,False
1250888191848177665,False,0,0,0,0,False,False
1250888261201022979,False,0,0,0,0,False,False
1250888761392664576,False,0,0,0,0,False,False
1250888874013974540,False,0,0,0,0,False,False
1250889513800552449,False,0,0,0,0,False,False
1250889832806703123,False,0,0,0,0,False,False
1250890969211375619,False,0,0,0,0,False,False
1250891347084673029,False,0,0,0,0,False,False
1250891370115588096,False,0,0,0,0,False,False
1250898988938801152,False,0,0,0,0,False,False
1250901303594815490,False,0,0,0,0,False,False
1250904288697647105,False,0,0,0,0,False,False
1250904294116728840,False,0,0,0,0,False,False
1250904479777591301,False,0,0,0,0,False,False
1250904499922878465,False,0,0,0,0,False,False
1250904630898368515,False,0,0,0,0,False,False
1250904705468948486,False,0,0,0,0,False,False
1250904783566880769,False,0,0,0,0,False,False
1250904815758200833,True,0,0,0,0,False,False
1250905148739792896,False,0,0,0,0,False,False
1250905692732612609,False,0,0,0,0,False,False
1250905769777729537,False,0,0,0,0,False,False
1250906245474680833,False,0,0,0,0,False,False
1250906280002301952,False,0,0,0,0,False,False
1250908896073564165,False,0,0,0,0,False,False
1250908924322156545,False,0,0,0,0,False,False
1250909004416548870,False,0,0,0,0,False,False
1250909025174204421,False,0,0,0,0,False,False
1250909051451473925,False,0,0,0,0,False,False
1250909305110433792,False,0,0,0,0,False,False
1250909396550500353,False,0,0,0,0,False,False
1250909468398948352,False,0,0,0,0,False,False
1250909671722016769,False,0,0,0,0,False,False
1250909719470002177,False,0,0,0,0,False,False
1250909782615248898,False,0,0,0,0,False,False
1250910211096948737,False,0,0,0,0,False,False
1250910433764085766,False,0,0,0,0,False,False
1250910591696490497,False,0,0,0,0,False,False
1250910957557055488,False,0,0,0,0,False,False
1250911932502216710,False,0,0,0,0,False,False
1250912309041643520,False,0,0,0,0,False,False
1250912542173560832,False,0,0,0,0,False,False
1250912624533032962,False,0,0,0,0,False,False
1250912797548064768,False,0,0,0,0,False,False
1250913833922842625,False,0,0,0,0,False,False
1250916441513132033,False,0,0,0,0,False,False
1250916492570439686,False,0,0,0,0,False,False
1250916881860419585,False,0,0,0,0,False,False
1250917384564736002,False,0,0,0,0,False,False
1250917508279709696,False,0,0,0,0,False,False
1250917603012423681,False,0,0,0,0,False,False
1250917630560665600,False,0,0,0,0,False,False
1250917788132278274,False,0,0,0,0,False,False
1250917918134554624,True,0,0,0,0,False,False
1250918159080738824,False,0,0,0,0,False,False
1250918404804030464,False,0,0,0,0,False,False
1250918463171944448,False,0,0,0,0,False,False
1250918582793441280,False,0,0,0,0,False,False
1250918751203201024,False,0,0,0,0,False,False
1250919161875894273,False,0,0,0,0,False,False
1250919235456569346,False,0,0,0,0,False,False
1250919594686132227,False,0,0,0,0,False,False
1250919832754757640,False,0,0,0,0,False,False
1250920067023269888,False,0,0,0,0,False,False
1250920235999334401,False,0,0,0,0,False,False
1250920734471278592,False,0,0,0,0,False,False
1250921350111416321,False,0,0,0,0,False,False
1250924261402972161,False,0,0,0,0,False,False
1250924483277357056,False,0,0,0,0,False,False
1250924717831335937,True,0,0,0,0,False,False
1250924745853370373,True,0,0,0,0,False,False
1250924793534181377,False,0,0,0,0,False,False
1250924890666029058,False,0,0,0,0,False,False
1250925148783419392,False,0,0,0,0,False,False
1250925514379923457,False,0,0,0,0,False,False
1250925560487804930,False,0,0,0,0,False,False
1250925655455346690,False,0,0,0,0,False,False
1250925838771634176,False,0,0,0,0,False,False
1250925874368712705,False,0,0,0,0,False,False
1250926592349687808,False,0,0,0,0,False,False
1250931776291254272,False,0,0,0,0,False,False
1250931843685285889,False,0,0,0,0,False,False
1250932004004089856,False,0,0,0,0,False,False
1250932556649959424,False,0,0,0,0,False,False
1250932723813924864,False,0,0,0,0,False,False
1250932957306593281,False,0,0,0,0,False,False
1250933647219191808,False,0,0,0,0,False,False
1250933690135347205,False,0,0,0,0,False,False
1250934204826882048,False,0,0,0,0,False,False
1250934588370812928,False,0,0,0,0,False,False
1250934794449563648,False,0,0,0,0,False,False
1250934834995908608,False,0,0,0,0,False,False
1250934861734567936,False,0,0,0,0,False,False
1250935035181629445,False,0,0,0,0,False,False
1250935596341760001,False,0,0,0,0,False,False
1250936827617243136,False,0,0,0,0,False,False
1250939160476749826,False,0,0,0,0,False,False
1250939333990891521,False,0,0,0,0,False,False
1250939840969035783,False,0,0,0,0,False,False
1250940094711726080,False,0,0,0,0,False,False
1250940161476698113,False,0,0,0,0,False,False
1250940233161617413,False,0,0,0,0,False,False
1250940699417161729,False,0,0,0,0,False,False
1250942196368445441,False,0,0,0,0,False,False
1250942298394972162,False,0,0,0,0,False,False
1250942573817913344,False,0,0,0,0,False,False
1250942724477317120,False,0,0,0,0,False,False
1250943041634000901,False,0,0,0,0,False,False
1250943296417026051,False,0,0,0,0,False,False
1250943538076016640,False,0,0,0,0,False,False
1250946813898653696,False,0,0,0,0,False,False
1250947200957497346,False,0,0,0,0,False,False
1250947347359678465,False,0,0,0,0,False,False
1250947422164934658,False,0,0,0,0,False,False
1250947599403675648,False,0,0,0,0,False,False
1250948761695682561,False,0,0,0,0,False,False
1250949059562606595,False,0,0,0,0,False,False
1250949341096878091,False,0,0,0,0,False,False
1250949844065230856,False,0,0,0,0,False,False
1250951916475101184,False,0,0,0,0,False,False
1250951969524637702,False,0,0,0,0,False,False
1250954389793226753,False,0,0,0,0,False,False
1250957306273189888,False,0,0,0,0,False,False
1250957849313906695,False,0,0,0,0,False,False
1250958064750137345,False,0,0,0,0,False,False
1250958806084915201,False,0,0,0,0,False,False
1250958891279515654,False,0,0,0,0,False,False
1250958991632498688,False,0,0,0,0,False,False
1250959384135569413,False,0,0,0,0,False,False
1250965185080233988,False,0,0,0,0,False,False
1250965446460796929,False,0,0,0,0,False,False
1250965627814031360,True,0,0,0,0,False,False
1250965631840727045,False,0,0,0,0,False,False
1250965685766930432,False,0,0,0,0,False,False
1250965829463814144,False,0,0,0,0,False,False
1250966671579381763,False,0,0,0,0,False,False
1250969963705372672,False,0,0,0,0,False,False
1250970414580408322,False,0,0,0,0,False,False
1250970915409707014,False,0,0,0,0,False,False
1250971210286071809,False,0,0,0,0,False,False
1250972032021323776,False,0,0,0,0,False,False
1250972829190770690,False,0,0,0,0,False,False
1250975202755870720,False,0,0,0,0,False,False
1250976581507518464,True,0,0,0,0,False,False
1250976592991567875,False,0,0,0,0,False,False
1250978014449500167,False,0,0,0,0,False,False
1250978965147312129,False,0,0,0,0,False,False
1250980852521197570,False,0,0,0,0,False,False
1250980958494437378,False,0,0,0,0,False,False
1250981105190293505,False,0,0,0,0,False,False
1250981766623645700,False,0,0,0,0,False,False
1250982046727647237,False,0,0,0,0,False,False
1250985493677969408,False,0,0,0,0,False,False
1250986518237364225,False,0,0,0,0,False,False
1250987642944212995,False,0,0,0,0,False,False
1250987750721028102,False,0,0,0,0,False,False
1250988265890615296,False,0,0,0,0,False,False
1250988483839168512,False,0,0,0,0,False,False
1250989879208673280,False,0,0,0,0,False,False
1250991854482591745,False,0,0,0,0,False,False
1250992308495028224,False,0,0,0,0,False,False
1250992319509209088,False,0,0,0,0,False,False
1250992888894406661,False,0,0,0,0,False,False
1250993156893573120,False,0,0,0,0,False,False
1250994150796910593,False,0,0,0,0,False,False
1250996070081073152,False,0,0,0,0,False,False
1251000415489064960,False,0,0,0,0,False,False
1251001341398441984,False,0,0,0,0,False,False
1251003119263272960,False,0,0,0,0,False,False
1251003764045045760,False,0,0,0,0,False,False
1251004409196109825,False,0,0,0,0,False,False
1251005607785660416,False,0,0,0,0,False,False
1251007609764749315,False,0,0,0,0,False,False
1251008662421807105,False,0,0,0,0,False,False
1251009578508136448,False,0,0,0,0,False,False
1251011026444836864,False,0,0,0,0,False,False
1251011443714961412,False,0,0,0,0,False,False
1251013468829949952,False,0,0,0,0,False,False
1251013765828612098,False,0,0,0,0,False,False
1251016016517378048,False,0,0,0,0,False,False
1251018453621903361,False,0,0,0,0,False,False
1251020382334849024,False,0,0,0,0,False,False
1251020993121923077,False,0,0,0,0,False,False
1251023146666405888,False,0,0,0,0,False,False
1251023623969800192,False,0,0,0,0,False,False
1251023898507907072,False,0,0,0,0,False,False
1251027970019352577,False,0,0,0,0,False,False
1251028504235343872,False,0,0,0,0,False,False
1251028902983675905,False,0,0,0,0,False,False
1251029252696408064,False,0,0,0,0,False,False
1251032335023300608,False,0,0,0,0,False,False
1251035071005560832,False,0,0,0,0,False,False
1251036525640499200,False,0,0,0,0,False,False
1251037951443841030,False,0,0,0,0,False,False
1251044891506999297,False,0,0,0,0,False,False
1251052987868479490,False,0,0,0,0,False,False
1251055741059977216,False,0,0,0,0,False,False
1251056832707129344,False,0,0,0,0,False,False
1251057174945636352,False,0,0,0,0,False,False
1251062392081076225,False,0,0,0,0,False,False
1251062707224223744,False,0,0,0,0,False,False
1251063925669539840,False,0,0,0,0,False,False
1251067204021485570,False,0,0,0,0,False,False
1251069907187437568,False,0,0,0,0,False,False
1251075858107858944,False,0,0,0,0,False,False
1251080743717044224,False,0,0,0,0,False,False
1251083213780508673,False,0,0,0,0,False,False
1251085948902932480,False,0,0,0,0,False,False
1251085949829709826,False,0,0,0,0,False,False
1251087088285560835,True,0,0,0,0,False,False
1251087164672102401,False,0,0,0,0,False,False
1251091835210080256,False,0,0,0,0,False,False
1251092009101770753,False,0,0,0,0,False,False
1251094324697346049,False,0,0,0,0,False,False
1251095521885851648,False,0,0,0,0,False,False
1251095894063226893,False,0,0,0,0,False,False
1251096199182024705,False,0,0,0,0,False,False
1251097691557421057,False,0,0,0,0,False,False
1251099518701051904,True,0,0,0,0,False,False
1251101109541695488,False,0,0,0,0,False,False
1251111268347514880,False,0,0,0,0,False,False
1251118520735236096,False,0,0,0,0,False,False
1251121006791581699,False,0,0,0,0,False,False
1251122177765670914,False,0,0,0,0,False,False
1251123921065312258,False,0,0,0,0,False,False
1251128932147101696,False,0,0,0,0,False,False
1251130453177884672,False,0,0,0,0,False,False
1251132761504657408,False,0,0,0,0,False,False
1251137596945838081,False,0,0,0,0,False,False
1251145127763927042,False,0,0,0,0,False,False
1251145356626128896,False,0,0,0,0,False,False
1251146851354472455,False,0,0,0,0,False,False
1251147246952779782,False,0,0,0,0,False,False
1251149438770266117,False,0,0,0,0,False,False
1251150280827170819,False,0,0,0,0,False,False
1251150902028693515,False,0,0,0,0,False,False
1251151067909206016,False,0,0,0,0,False,False
1251151078696972290,False,0,0,0,0,False,False
1251151213539647494,False,0,0,0,0,False,False
1251152281807892485,False,0,0,0,0,False,False
1251154996906692614,False,0,0,0,0,False,False
1251156888760147970,False,0,0,0,0,False,False
1251159932067475459,False,0,0,0,0,False,False
1251159969908449281,False,0,0,0,0,False,False
1251160169548902401,False,0,0,0,0,False,False
1251160207419293700,False,0,0,0,0,False,False
1251160556653834250,False,0,0,0,0,False,False
1251160951442694152,False,0,0,0,0,False,False
1251161632996077575,False,0,0,0,0,False,False
1251162123842883588,False,0,0,0,0,False,False
1251166681377894401,False,0,0,0,0,False,False
1251168604051116032,False,0,0,0,0,False,False
1251168872444637186,False,0,0,0,0,False,False
1251172441570906112,False,0,0,0,0,False,False
1251176274552401921,False,0,0,0,0,False,False
1251177690943586304,False,0,0,0,0,False,False
1251179981176274944,False,0,0,0,0,False,False
1251180795689123840,False,0,0,0,0,False,False
1251186976545542147,False,0,0,0,0,False,False
1251189914873417728,False,0,0,0,0,False,False
1251190938690629633,False,0,0,0,0,False,False
1251191165166239748,False,0,0,0,0,False,False
1251194853280624641,False,0,0,0,0,False,False
1251196101547429888,False,0,0,0,0,False,False
1251197562171854850,False,0,0,0,0,False,False
1251199612213436416,False,0,0,0,0,False,False
1251199822205538305,False,0,0,0,0,False,False
1251200548055003136,False,0,0,0,0,False,False
1251202726643539976,False,0,0,0,0,False,False
1251203257189482497,False,0,0,0,0,False,False
1251203409925017605,False,0,0,0,0,False,False
1251205448885243904,False,0,0,0,0,False,False
1251207729135235073,False,0,0,0,0,False,False
1251219082608869376,False,0,0,0,0,False,False
1251221556711186433,False,0,0,0,0,False,False
1251223433632976898,False,0,0,0,0,False,False
1251223784679497728,False,0,0,0,0,False,False
1251228495948242946,False,0,0,0,0,False,False
1251230329051832320,False,0,0,0,0,False,False
1251231006172098562,False,0,0,0,0,False,False
1251234445300039682,False,0,0,0,0,False,False
1251238435538509826,False,0,0,0,0,False,False
1251241211500904448,False,0,0,0,0,False,False
1251242401538211841,False,0,0,0,0,False,False
1251248275820347392,False,0,0,0,0,False,False
1251251408294293504,False,0,0,0,0,False,False
1251252563976105984,False,0,0,0,0,False,False
1251256609352880130,False,0,0,0,0,False,False
1251257157976240131,False,0,0,0,0,False,False
1251257283167899657,False,0,0,0,0,False,False
1251265631116316676,False,0,0,0,0,False,False
1251266247364349958,False,0,0,0,0,False,False
1251270817368989698,False,0,0,0,0,False,False
1251277896674656257,False,0,0,0,0,False,False
1251278044280520704,False,0,0,0,0,False,False
1251280394005155846,False,0,0,0,0,False,False
1251282057482973186,False,0,0,0,0,False,False
1251283477422657536,False,0,0,0,0,False,False
1251289806417596421,False,0,0,0,0,False,False
1251297505347883015,False,0,0,0,0,False,False
1251321748785704960,False,0,0,0,0,False,False
1251325270973452295,False,0,0,0,0,False,False
1251346257613852673,False,0,0,0,0,False,False
1251357064246501376,False,0,0,0,0,False,False
1251357531194171393,False,0,0,0,0,False,False
1251381750376300545,False,0,0,0,0,False,False
1251396583024984070,False,0,0,0,0,False,False
1251413219001937922,False,0,0,0,0,False,False
1251422315969208325,False,0,0,0,0,False,False
1251463519410757632,False,0,0,0,0,False,False
1251470740207042560,False,0,0,0,0,False,False
1251499220135301120,False,0,0,0,0,False,False
1251500346297520133,False,0,0,0,0,False,False
1251516686215393281,False,0,0,0,0,False,False
1251521734953578503,False,0,0,0,0,False,False
1251532339592790019,False,0,0,0,0,False,False
1251537649665552387,False,0,0,0,0,False,False
1251546819466858497,False,0,0,0,0,False,False
1251581329189339137,False,0,0,0,0,False,False
1251583711126011904,False,0,0,0,0,False,False
1251584868988841984,False,0,0,0,0,False,False
1251624849967022081,False,0,0,0,0,False,False
1251657306712006657,False,0,0,0,0,False,False
1251657395928883201,False,0,0,0,0,False,False
